product,review
Wireless Headphones,"Amazing sound quality! Battery lasts all day and the noise cancellation works great. Highly recommend for music lovers."
Smart Watch,"Tracks my fitness perfectly and syncs with my phone seamlessly. The heart rate monitor is accurate and the display is bright."
Laptop Stand,"Improved my posture significantly. Sturdy aluminum build and adjustable height. Worth every penny!"
Coffee Maker,"Makes perfect coffee every morning. The programmable timer is convenient and it's easy to clean. Love it!"
Yoga Mat,"Excellent grip and cushioning. The thickness is just right for my knees. Non-slip surface works well even when sweaty."
Bluetooth Speaker,"Compact but surprisingly loud! Great bass and the battery lasts for hours. Perfect for outdoor parties."
Electric Toothbrush,"My teeth have never felt cleaner. The timer feature helps me brush longer. Dentist noticed the improvement!"
Running Shoes,"Super comfortable with great arch support. Lightweight and breathable. My feet don't hurt after long runs anymore."
Backpack,"Lots of compartments and very durable material. The laptop sleeve is well-padded. Great for daily commute and travel."
Air Purifier,"Noticed cleaner air within days. Quiet operation and the filter replacement indicator is helpful. Great for allergies."
Desk Lamp,"Adjustable brightness levels are perfect. USB charging port is a nice bonus. Modern design looks great on my desk."
Water Bottle,"Keeps water cold for 24 hours! No leaks and easy to clean. The wide mouth makes adding ice cubes simple."
